{
    "name": "root",
    "gauges": {
        "Fighter.Policy.Entropy.mean": {
            "value": 1.4180519580841064,
            "min": 1.4178664684295654,
            "max": 1.4189385175704956,
            "count": 10
        },
        "Fighter.Environment.EpisodeLength.mean": {
            "value": 999.0,
            "min": 999.0,
            "max": 1000.0,
            "count": 6
        },
        "Fighter.Policy.ExtrinsicValueEstimate.mean": {
            "value": -0.8567455410957336,
            "min": -0.8567455410957336,
            "max": -0.31612682342529297,
            "count": 10
        },
        "Fighter.IsTraining.mean": {
            "value": 1.0,
            "min": 1.0,
            "max": 1.0,
            "count": 10
        },
        "Fighter.Environment.CumulativeReward.mean": {
            "value": -222.47354888916016,
            "min": -392.03252868652345,
            "max": -147.896533203125,
            "count": 9
        },
        "Fighter.Policy.ExtrinsicReward.mean": {
            "value": -222.47354888916016,
            "min": -392.03252868652345,
            "max": -147.896533203125,
            "count": 9
        },
        "Fighter.Losses.ValueLoss.mean": {
            "value": 66.92725372314453,
            "min": 48.989898681640625,
            "max": 66.92725372314453,
            "count": 2
        },
        "Fighter.Losses.PolicyLoss.mean": {
            "value": 0.02388150244951248,
            "min": 0.018554627895355225,
            "max": 0.02388150244951248,
            "count": 2
        },
        "Fighter.Policy.LearningRate.mean": {
            "value": 8.394609176320955e-05,
            "min": 8.394609176320955e-05,
            "max": 0.00019194601918570697,
            "count": 2
        },
        "Fighter.Policy.Epsilon.mean": {
            "value": 0.1279820203781128,
            "min": 0.1279820203781128,
            "max": 0.16398203372955322,
            "count": 2
        },
        "Fighter.Policy.Beta.mean": {
            "value": 0.0014063020935282111,
            "min": 0.0014063020935282111,
            "max": 0.0032027019187808037,
            "count": 2
        }
    },
    "metadata": {
        "timer_format_version": "0.1.0",
        "start_time_seconds": "1606663580",
        "python_version": "3.8.6 (tags/v3.8.6:db45529, Sep 23 2020, 15:52:53) [MSC v.1927 64 bit (AMD64)]",
        "command_line_arguments": "C:\\Users\\revok\\AppData\\Local\\Programs\\Python\\Python38\\Scripts\\mlagents-learn config/trainer_config.yaml --run-id=fighter",
        "mlagents_version": "0.21.0",
        "mlagents_envs_version": "0.21.0",
        "communication_protocol_version": "1.2.0",
        "tensorflow_version": "2.3.1",
        "numpy_version": "1.18.5",
        "end_time_seconds": "1606663716"
    },
    "total": 136.4676453,
    "count": 1,
    "self": 0.4490632999999775,
    "children": {
        "run_training.setup": {
            "total": 0.01046569999999969,
            "count": 1,
            "self": 0.01046569999999969
        },
        "TrainerController.start_learning": {
            "total": 136.0081163,
            "count": 1,
            "self": 0.37032419999928834,
            "children": {
                "TrainerController._reset_env": {
                    "total": 12.2500058,
                    "count": 1,
                    "self": 12.2500058
                },
                "TrainerController.advance": {
                    "total": 121.53551470000073,
                    "count": 6013,
                    "self": 0.0759038000000345,
                    "children": {
                        "env_step": {
                            "total": 121.4596109000007,
                            "count": 6013,
                            "self": 116.58735369999997,
                            "children": {
                                "SubprocessEnvManager._take_step": {
                                    "total": 4.795504700000347,
                                    "count": 6013,
                                    "self": 0.16721970000006792,
                                    "children": {
                                        "TFPolicy.evaluate": {
                                            "total": 4.628285000000279,
                                            "count": 6007,
                                            "self": 4.628285000000279
                                        }
                                    }
                                },
                                "workers": {
                                    "total": 0.07675250000038503,
                                    "count": 6013,
                                    "self": 0.0,
                                    "children": {
                                        "worker_root": {
                                            "total": 122.92647160000017,
                                            "count": 6013,
                                            "is_parallel": true,
                                            "self": 14.60155739999989,
                                            "children": {
                                                "steps_from_proto": {
                                                    "total": 0.0004781000000004809,
                                                    "count": 1,
                                                    "is_parallel": true,
                                                    "self": 8.020000000108496e-05,
                                                    "children": {
                                                        "_process_vector_observation": {
                                                            "total": 0.00039789999999939596,
                                                            "count": 2,
                                                            "is_parallel": true,
                                                            "self": 0.00039789999999939596
                                                        }
                                                    }
                                                },
                                                "UnityEnvironment.step": {
                                                    "total": 108.32443610000028,
                                                    "count": 6013,
                                                    "is_parallel": true,
                                                    "self": 0.5540202999999337,
                                                    "children": {
                                                        "UnityEnvironment._generate_step_input": {
                                                            "total": 2.048123399999758,
                                                            "count": 6013,
                                                            "is_parallel": true,
                                                            "self": 2.048123399999758
                                                        },
                                                        "communicator.exchange": {
                                                            "total": 102.81805310000007,
                                                            "count": 6013,
                                                            "is_parallel": true,
                                                            "self": 102.81805310000007
                                                        },
                                                        "steps_from_proto": {
                                                            "total": 2.904239300000521,
                                                            "count": 6013,
                                                            "is_parallel": true,