{
    "name": "root",
    "metadata": {
        "timer_format_version": "0.1.0",
        "start_time_seconds": "1606904130",
        "python_version": "3.8.3 (default, Jul  2 2020, 17:30:36) [MSC v.1916 64 bit (AMD64)]",
        "command_line_arguments": "C:\\ProgramData\\Anaconda3\\Scripts\\mlagents-learn config/trainer_config_trial.yaml --run-id=trial-0",
        "mlagents_version": "0.22.0",
        "mlagents_envs_version": "0.23.0.dev0",
        "communication_protocol_version": "1.2.0",
        "pytorch_version": "1.7.0+cu110",
        "numpy_version": "1.18.5",
        "end_time_seconds": "1606906021"
    },
    "total": 1891.6148222,
    "count": 1,
    "self": 0.5616652999999587,
    "children": {
        "run_training.setup": {
            "total": 0.020576699999999448,
            "count": 1,
            "self": 0.020576699999999448
        },
        "TrainerController.start_learning": {
            "total": 1891.0325802,
            "count": 1,
            "self": 1.5082773999938581,
            "children": {
                "TrainerController._reset_env": {
                    "total": 13.092912499999999,
                    "count": 1,
                    "self": 13.092912499999999
                },
                "TrainerController.advance": {
                    "total": 1876.3509569000062,
                    "count": 48946,
                    "self": 0.7067928000062693,
                    "children": {
                        "env_step": {
                            "total": 1875.6441641,
                            "count": 48946,
                            "self": 1525.061141400011,
                            "children": {
                                "SubprocessEnvManager._take_step": {
                                    "total": 349.69871020000255,
                                    "count": 48946,
                                    "self": 5.441226300029314,
                                    "children": {
                                        "TorchPolicy.evaluate": {
                                            "total": 344.25748389997324,
                                            "count": 48898,
                                            "self": 69.55836449997952,
                                            "children": {
                                                "TorchPolicy.sample_actions": {
                                                    "total": 274.6991193999937,
                                                    "count": 48898,
                                                    "self": 274.6991193999937
                                                }
                                            }
                                        }
                                    }
                                },
                                "workers": {
                                    "total": 0.8843124999864251,
                                    "count": 48946,
                                    "self": 0.0,
                                    "children": {
                                        "worker_root": {
                                            "total": 1877.8333849999697,
                                            "count": 48946,
                                            "is_parallel": true,
                                            "self": 483.6488535999549,
                                            "children": {
                                                "steps_from_proto": {
                                                    "total": 0.0014517000000004998,
                                                    "count": 1,
                                                    "is_parallel": true,
                                                    "self": 0.00023120000000176333,
                                                    "children": {
                                                        "_process_vector_observation": {
                                                            "total": 0.0012204999999987365,
                                                            "count": 2,
                                                            "is_parallel": true,
                                                            "self": 0.0012204999999987365
                                                        }
                                                    }
                                                },
                                                "UnityEnvironment.step": {
                                                    "total": 1394.1830797000148,
                                                    "count": 48946,
                                                    "is_parallel": true,
                                                    "self": 6.448854900032529,
                                                    "children": {
                                                        "UnityEnvironment._generate_step_input": {
                                                            "total": 50.16634060001442,
                                                            "count": 48946,
                                                            "is_parallel": true,
                                                            "self": 50.16634060001442
                                                        },
                                                        "communicator.exchange": {
                                                            "total": 1306.3022387999968,
                                                            "count": 48946,
                                                            "is_parallel": true,
                                                            "self": 1306.3022387999968
                                                        },
                                                        "steps_from_proto": {
                                                            "total": 31.26564539997122,
                                                            "count": 48946,
                                                            "is_parallel": true,
                                                            "self": 5.285145899973529,
                                                            "children": {
                                                                "_process_vector_observation": {
                                                                    "total": 25.98049949999769,
                                                                    "count": 97892,
                                                                    "is_parallel": true,
                                                                    "self": 25.98049949999769
                                                                }
                                                            }
                                                        }
                                                    }
                                                }
                                            }
                                        }
                                    }
                                }
                            }
                        }
                    }
                },
                "TrainerController._save_models": {
                    "total": 0.08043339999994714,
                    "count": 1,
                    "self": 0.009443799999871771,
                    "children": {
                        "RLTrainer._checkpoint": {
                            "total": 0.07098960000007537,
                            "count": 1,
                            "self": 0.07098960000007537
                        }
                    }
                }
            }
        }
    }
}