{
    "name": "root",
    "metadata": {
        "timer_format_version": "0.1.0",
        "start_time_seconds": "1607273464",
        "python_version": "3.8.6 (tags/v3.8.6:db45529, Sep 23 2020, 15:52:53) [MSC v.1927 64 bit (AMD64)]",
        "command_line_arguments": "C:\\Users\\revok\\AppData\\Local\\Programs\\Python\\Python38\\Scripts\\mlagents-learn config/trainer_config.yaml --run-id=trial15 --initialize-from=trial7",
        "mlagents_version": "0.21.0",
        "mlagents_envs_version": "0.21.0",
        "communication_protocol_version": "1.2.0",
        "tensorflow_version": "2.3.1",
        "numpy_version": "1.18.5",
        "end_time_seconds": "1607273478"
    },
    "total": 14.021407900000002,
    "count": 1,
    "self": 0.46758200000000194,
    "children": {
        "run_training.setup": {
            "total": 3.0086261,
            "count": 1,
            "self": 3.0086261
        },
        "TrainerController.start_learning": {
            "total": 10.5451998,
            "count": 1,
            "self": 0.0007934999999950065,
            "children": {
                "TrainerController._reset_env": {
                    "total": 7.8054120000000005,
                    "count": 1,
                    "self": 7.8054120000000005
                },
                "TrainerController.advance": {
                    "total": 0.36377250000000494,
                    "count": 19,
                    "self": 0.00021870000000667744,
                    "children": {
                        "env_step": {
                            "total": 0.36355379999999826,
                            "count": 19,
                            "self": 0.30446280000000137,
                            "children": {
                                "SubprocessEnvManager._take_step": {
                                    "total": 0.058868900000000224,
                                    "count": 19,
                                    "self": 0.000527700000001019,
                                    "children": {
                                        "TFPolicy.evaluate": {
                                            "total": 0.058341199999999205,
                                            "count": 19,
                                            "self": 0.058341199999999205
                                        }
                                    }
                                },
                                "workers": {
                                    "total": 0.00022209999999667218,
                                    "count": 19,
                                    "self": 0.0,
                                    "children": {
                                        "worker_root": {
                                            "total": 2.2124711000000072,
                                            "count": 19,
                                            "is_parallel": true,
                                            "self": 1.9277420000000092,
                                            "children": {
                                                "steps_from_proto": {
                                                    "total": 0.00035009999999946473,
                                                    "count": 1,
                                                    "is_parallel": true,
                                                    "self": 7.599999999818863e-05,
                                                    "children": {
                                                        "_process_vector_observation": {
                                                            "total": 0.0002741000000012761,
                                                            "count": 2,
                                                            "is_parallel": true,
                                                            "self": 0.0002741000000012761
                                                        }
                                                    }
                                                },
                                                "UnityEnvironment.step": {
                                                    "total": 0.2843789999999986,
                                                    "count": 19,
                                                    "is_parallel": true,
                                                    "self": 0.0014939999999921127,
                                                    "children": {
                                                        "UnityEnvironment._generate_step_input": {
                                                            "total": 0.00802940000000163,
                                                            "count": 19,
                                                            "is_parallel": true,
                                                            "self": 0.00802940000000163
                                                        },
                                                        "communicator.exchange": {
                                                            "total": 0.2685162000000014,
                                                            "count": 19,
                                                            "is_parallel": true,
                                                            "self": 0.2685162000000014
                                                        },
                                                        "steps_from_proto": {
                                                            "total": 0.006339400000003437,
                                                            "count": 19,
                                                            "is_parallel": true,
                                                            "self": 0.0014937000000028178,
                                                            "children": {
                                                                "_process_vector_observation": {
                                                                    "total": 0.004845700000000619,
                                                                    "count": 38,
                                                                    "is_parallel": true,
                                                                    "self": 0.004845700000000619
                                                                }
                                                            }
                                                        }
                                                    }
                                                }
                                            }
                                        }
                                    }
                                }
                            }
                        }
                    }
                },
                "TrainerController._save_models": {
                    "total": 2.3752218000000003,
                    "count": 1,
                    "self": 0.027358100000000718,
                    "children": {
                        "RLTrainer._checkpoint": {
                            "total": 2.3478636999999996,
                            "count": 1,
                            "self": 2.3478636999999996
                        }
                    }
                }
            }
        }
    }
}