{
    "name": "root",
    "metadata": {
        "timer_format_version": "0.1.0",
        "start_time_seconds": "1607265391",
        "python_version": "3.8.3 (default, Jul  2 2020, 17:30:36) [MSC v.1916 64 bit (AMD64)]",
        "command_line_arguments": "C:\\ProgramData\\Anaconda3\\Scripts\\mlagents-learn config/trainer_config_para-144.yaml --run-id=para-144 --train",
        "mlagents_version": "0.22.0",
        "mlagents_envs_version": "0.23.0.dev0",
        "communication_protocol_version": "1.2.0",
        "pytorch_version": "1.7.0+cu110",
        "numpy_version": "1.18.5",
        "end_time_seconds": "1607265990"
    },
    "total": 599.5477095,
    "count": 1,
    "self": 0.5550991999999724,
    "children": {
        "run_training.setup": {
            "total": 0.020539799999999886,
            "count": 1,
            "self": 0.020539799999999886
        },
        "TrainerController.start_learning": {
            "total": 598.9720705,
            "count": 1,
            "self": 0.07725299999970048,
            "children": {
                "TrainerController._reset_env": {
                    "total": 15.0101306,
                    "count": 1,
                    "self": 15.0101306
                },
                "TrainerController.advance": {
                    "total": 583.7382776000003,
                    "count": 2064,
                    "self": 0.03936059999898589,
                    "children": {
                        "env_step": {
                            "total": 583.6989170000013,
                            "count": 2064,
                            "self": 572.9781810999989,
                            "children": {
                                "SubprocessEnvManager._take_step": {
                                    "total": 10.686751500001524,
                                    "count": 2064,
                                    "self": 0.45942550000070526,
                                    "children": {
                                        "TorchPolicy.evaluate": {
                                            "total": 10.227326000000819,
                                            "count": 2062,
                                            "self": 2.25038860000026,
                                            "children": {
                                                "TorchPolicy.sample_actions": {
                                                    "total": 7.976937400000558,
                                                    "count": 2062,
                                                    "self": 7.976937400000558
                                                }
                                            }
                                        }
                                    }
                                },
                                "workers": {
                                    "total": 0.03398440000087888,
                                    "count": 2064,
                                    "self": 0.0,
                                    "children": {
                                        "worker_root": {
                                            "total": 585.5285025999997,
                                            "count": 2064,
                                            "is_parallel": true,
                                            "self": 199.69348359999975,
                                            "children": {
                                                "steps_from_proto": {
                                                    "total": 0.00931300000000057,
                                                    "count": 1,
                                                    "is_parallel": true,
                                                    "self": 0.0008371999999994273,
                                                    "children": {
                                                        "_process_vector_observation": {
                                                            "total": 0.008475800000001144,
                                                            "count": 2,
                                                            "is_parallel": true,
                                                            "self": 0.008475800000001144
                                                        }
                                                    }
                                                },
                                                "UnityEnvironment.step": {
                                                    "total": 385.8257059999999,
                                                    "count": 2064,
                                                    "is_parallel": true,
                                                    "self": 1.107658100001288,
                                                    "children": {
                                                        "UnityEnvironment._generate_step_input": {
                                                            "total": 17.35823989999998,
                                                            "count": 2064,
                                                            "is_parallel": true,
                                                            "self": 17.35823989999998
                                                        },
                                                        "communicator.exchange": {
                                                            "total": 359.7427405999992,
                                                            "count": 2064,
                                                            "is_parallel": true,
                                                            "self": 359.7427405999992
                                                        },
                                                        "steps_from_proto": {
                                                            "total": 7.617067399999442,
                                                            "count": 2064,
                                                            "is_parallel": true,
                                                            "self": 0.6898863000005004,
                                                            "children": {
                                                                "_process_vector_observation": {
                                                                    "total": 6.927181099998942,
                                                                    "count": 4128,
                                                                    "is_parallel": true,
                                                                    "self": 6.927181099998942
                                                                }
                                                            }
                                                        }
                                                    }
                                                }
                                            }
                                        }
                                    }
                                }
                            }
                        }
                    }
                },
                "TrainerController._save_models": {
                    "total": 0.14640929999995933,
                    "count": 1,
                    "self": 0.013107799999943381,
                    "children": {
                        "RLTrainer._checkpoint": {
                            "total": 0.13330150000001595,
                            "count": 1,
                            "self": 0.13330150000001595
                        }
                    }
                }
            }
        }
    }
}