{"count":1,"self":5.7996023999999995,"total":6.1073026,"children":{"AgentResetIfDone":{"count":274,"self":0.0009975,"total":0.0009975,"children":null},"AgentSendState":{"count":274,"self":0.0137399,"total":0.029542799999999998,"children":{"CollectObservations":{"count":495,"self":0.015802899999999998,"total":0.015802899999999998,"children":null}}},"DecideAction":{"count":274,"self":0.1995968,"total":0.1995968,"children":null},"AcademyStep":{"count":274,"self":0.000972,"total":0.000972,"children":null},"AgentAct":{"count":274,"self":0.07556489999999999,"total":0.07556489999999999,"children":null}}}