{"count":1,"self":9.0488863999999989,"total":11.462274599999999,"children":{"AgentResetIfDone":{"count":516,"self":0,"total":0,"children":null},"AgentSendState":{"count":516,"self":0.0201264,"total":0.7590057,"children":{"CollectObservations":{"count":4791,"self":0.7388793,"total":0.7388793,"children":null}}},"DecideAction":{"count":516,"self":1.3587546,"total":1.3587546,"children":null},"AcademyStep":{"count":516,"self":0.0009956,"total":0.0009956,"children":null},"AgentAct":{"count":516,"self":0.29363449999999996,"total":0.29363449999999996,"children":null}}}