{"count":1,"self":12.0504456,"total":15.533984499999999,"children":{"AgentResetIfDone":{"count":441,"self":0.0052498,"total":0.0052498,"children":null},"AgentSendState":{"count":441,"self":0.11567859999999999,"total":1.0325285,"children":{"CollectObservations":{"count":4128,"self":0.9168499,"total":0.9168499,"children":null}}},"DecideAction":{"count":441,"self":1.9574574,"total":1.9574574,"children":null},"AcademyStep":{"count":441,"self":0.0019831,"total":0.0019831,"children":null},"AgentAct":{"count":441,"self":0.48531949999999996,"total":0.48531949999999996,"children":null}}}