{"count":1,"self":30.1458144,"total":38.5838567,"children":{"AgentResetIfDone":{"count":1855,"self":0.0019997,"total":0.0019997,"children":null},"AgentSendState":{"count":1855,"self":0.060985,"total":2.1963789,"children":{"CollectObservations":{"count":11845,"self":2.135394,"total":2.1353939,"children":null}}},"DecideAction":{"count":1855,"self":5.2965583999999994,"total":5.2965585,"children":null},"AcademyStep":{"count":1855,"self":0.0040008,"total":0.0040008,"children":null},"AgentAct":{"count":1855,"self":0.9371033,"total":0.9371033,"children":null}}}