{"count":1,"self":1.3630750999999999,"total":5.9139984,"children":{"AgentResetIfDone":{"count":167,"self":0.0030061,"total":0.0030061,"children":null},"AgentSendState":{"count":167,"self":0.0060228999999999994,"total":0.01096,"children":{"CollectObservations":{"count":315,"self":0.0049371,"total":0.0049371,"children":null}}},"DecideAction":{"count":167,"self":4.4869943999999995,"total":4.4910324,"children":{"AgentInfo.ToProto":{"count":35,"self":0.004038,"total":0.004038,"children":null}}},"AcademyStep":{"count":166,"self":0,"total":0,"children":null},"AgentAct":{"count":166,"self":0.0449242,"total":0.0449242,"children":null}}}