{"count":1,"self":21.245112,"total":22.3688762,"children":{"AgentResetIfDone":{"count":1015,"self":0.0128378,"total":0.0128378,"children":null},"AgentSendState":{"count":1015,"self":0.038946299999999996,"total":0.1038711,"children":{"CollectObservations":{"count":1827,"self":0.064924799999999991,"total":0.064924799999999991,"children":null}}},"DecideAction":{"count":1015,"self":0.6852899,"total":0.6852899,"children":null},"AcademyStep":{"count":1015,"self":0.007455,"total":0.007455,"children":null},"AgentAct":{"count":1015,"self":0.3133106,"total":0.3133106,"children":null}}}