{"count":1,"self":69.72384,"total":90.4048674,"children":{"AgentResetIfDone":{"count":1406,"self":0.050109,"total":0.050109,"children":null},"AgentSendState":{"count":1406,"self":0.60332849999999993,"total":5.0070441,"children":{"CollectObservations":{"count":8690,"self":4.4037156,"total":4.4037156,"children":null}}},"DecideAction":{"count":1406,"self":13.7764736,"total":13.776473999999999,"children":null},"AcademyStep":{"count":1406,"self":0.0260199,"total":0.0260199,"children":null},"AgentAct":{"count":1406,"self":1.818382,"total":1.818382,"children":null}}}