{"count":1,"self":181.36962559999998,"total":190.7968698,"children":{"AgentResetIfDone":{"count":8868,"self":0.0752272,"total":0.0752272,"children":null},"AgentSendState":{"count":8868,"self":0.332831,"total":0.74449919999999992,"children":{"CollectObservations":{"count":15966,"self":0.4116682,"total":0.4116682,"children":null}}},"DecideAction":{"count":8868,"self":5.8279492,"total":5.8279492,"children":null},"AcademyStep":{"count":8868,"self":0.047431499999999994,"total":0.047431499999999994,"children":null},"AgentAct":{"count":8868,"self":2.7311308,"total":2.7311308999999997,"children":null}}}