{"count":1,"self":172.7790592,"total":180.12901839999998,"children":{"AgentResetIfDone":{"count":8757,"self":0.048151599999999996,"total":0.048151599999999996,"children":null},"AgentSendState":{"count":8757,"self":0.2017506,"total":0.5128832,"children":{"CollectObservations":{"count":15768,"self":0.3111326,"total":0.3111326,"children":null}}},"DecideAction":{"count":8757,"self":4.88032,"total":4.8803199,"children":null},"AcademyStep":{"count":8757,"self":0.0209473,"total":0.0209473,"children":null},"AgentAct":{"count":8757,"self":1.8876628,"total":1.8876628999999998,"children":null}}}