{"count":1,"self":29.3070944,"total":30.0010081,"children":{"AgentResetIfDone":{"count":1438,"self":0,"total":0,"children":null},"AgentSendState":{"count":1438,"self":0.0087076,"total":0.0221324,"children":{"CollectObservations":{"count":2592,"self":0.013424799999999999,"total":0.013424799999999999,"children":null}}},"DecideAction":{"count":1438,"self":0.46551339999999997,"total":0.46551339999999997,"children":null},"AcademyStep":{"count":1438,"self":0,"total":0,"children":null},"AgentAct":{"count":1438,"self":0.20527209999999999,"total":0.20527209999999999,"children":null}}}