{
    "name": "root",
    "metadata": {
        "timer_format_version": "0.1.0",
        "start_time_seconds": "1607271797",
        "python_version": "3.8.6 (tags/v3.8.6:db45529, Sep 23 2020, 15:52:53) [MSC v.1927 64 bit (AMD64)]",
        "command_line_arguments": "C:\\Users\\revok\\AppData\\Local\\Programs\\Python\\Python38\\Scripts\\mlagents-learn config/trainer_config.yaml --run-id=trial7 --initialize-from=trial6",
        "mlagents_version": "0.21.0",
        "mlagents_envs_version": "0.21.0",
        "communication_protocol_version": "1.2.0",
        "tensorflow_version": "2.3.1",
        "numpy_version": "1.18.5",
        "end_time_seconds": "1607271881"
    },
    "total": 84.866573,
    "count": 1,
    "self": 0.49083650000001455,
    "children": {
        "run_training.setup": {
            "total": 0.011083100000000012,
            "count": 1,
            "self": 0.011083100000000012
        },
        "TrainerController.start_learning": {
            "total": 84.3646534,
            "count": 1,
            "self": 0.08538069999990228,
            "children": {
                "TrainerController._reset_env": {
                    "total": 7.3395688,
                    "count": 1,
                    "self": 7.3395688
                },
                "TrainerController.advance": {
                    "total": 74.5398448000001,
                    "count": 3009,
                    "self": 0.03647930000033739,
                    "children": {
                        "env_step": {
                            "total": 74.50336549999976,
                            "count": 3009,
                            "self": 71.3973860999996,
                            "children": {
                                "SubprocessEnvManager._take_step": {
                                    "total": 3.065643700000143,
                                    "count": 3009,
                                    "self": 0.09143630000014724,
                                    "children": {
                                        "TFPolicy.evaluate": {
                                            "total": 2.9742073999999956,
                                            "count": 3006,
                                            "self": 2.9742073999999956
                                        }
                                    }
                                },
                                "workers": {
                                    "total": 0.040335700000019514,
                                    "count": 3009,
                                    "self": 0.0,
                                    "children": {
                                        "worker_root": {
                                            "total": 76.53305409999992,
                                            "count": 3009,
                                            "is_parallel": true,
                                            "self": 31.761959099999814,
                                            "children": {
                                                "steps_from_proto": {
                                                    "total": 0.0003850000000005238,
                                                    "count": 1,
                                                    "is_parallel": true,
                                                    "self": 7.970000000057098e-05,
                                                    "children": {
                                                        "_process_vector_observation": {
                                                            "total": 0.00030529999999995283,
                                                            "count": 2,
                                                            "is_parallel": true,
                                                            "self": 0.00030529999999995283
                                                        }
                                                    }
                                                },
                                                "UnityEnvironment.step": {
                                                    "total": 44.7707100000001,
                                                    "count": 3009,
                                                    "is_parallel": true,
                                                    "self": 0.25326020000031235,
                                                    "children": {
                                                        "UnityEnvironment._generate_step_input": {
                                                            "total": 1.4151048000000586,
                                                            "count": 3009,
                                                            "is_parallel": true,
                                                            "self": 1.4151048000000586
                                                        },
                                                        "communicator.exchange": {
                                                            "total": 42.001734699999794,
                                                            "count": 3009,
                                                            "is_parallel": true,
                                                            "self": 42.001734699999794
                                                        },
                                                        "steps_from_proto": {
                                                            "total": 1.1006102999999348,
                                                            "count": 3009,
                                                            "is_parallel": true,
                                                            "self": 0.24805509999967335,
                                                            "children": {
                                                                "_process_vector_observation": {
                                                                    "total": 0.8525552000002614,
                                                                    "count": 6018,
                                                                    "is_parallel": true,
                                                                    "self": 0.8525552000002614
                                                                }
                                                            }
                                                        }
                                                    }
                                                }
                                            }
                                        }
                                    }
                                }
                            }
                        }
                    }
                },
                "TrainerController._save_models": {
                    "total": 2.3998591000000005,
                    "count": 1,
                    "self": 0.01818360000000041,
                    "children": {
                        "RLTrainer._checkpoint": {
                            "total": 2.3816755,
                            "count": 1,
                            "self": 2.3816755
                        }
                    }
                }
            }
        }
    }
}