{
    "name": "root",
    "metadata": {
        "timer_format_version": "0.1.0",
        "start_time_seconds": "1607273101",
        "python_version": "3.8.6 (tags/v3.8.6:db45529, Sep 23 2020, 15:52:53) [MSC v.1927 64 bit (AMD64)]",
        "command_line_arguments": "C:\\Users\\revok\\AppData\\Local\\Programs\\Python\\Python38\\Scripts\\mlagents-learn config/trainer_config.yaml --run-id=trial14 --initialize-from=trial12",
        "mlagents_version": "0.21.0",
        "mlagents_envs_version": "0.21.0",
        "communication_protocol_version": "1.2.0",
        "tensorflow_version": "2.3.1",
        "numpy_version": "1.18.5",
        "end_time_seconds": "1607273149"
    },
    "total": 47.8124192,
    "count": 1,
    "self": 0.42458210000000207,
    "children": {
        "run_training.setup": {
            "total": 0.012084399999999995,
            "count": 1,
            "self": 0.012084399999999995
        },
        "TrainerController.start_learning": {
            "total": 47.3757527,
            "count": 1,
            "self": 0.057269400000151904,
            "children": {
                "TrainerController._reset_env": {
                    "total": 8.9895767,
                    "count": 1,
                    "self": 8.9895767
                },
                "TrainerController.advance": {
                    "total": 35.970058499999844,
                    "count": 1938,
                    "self": 0.02684019999980336,
                    "children": {
                        "env_step": {
                            "total": 35.94321830000004,
                            "count": 1938,
                            "self": 34.354421699999946,
                            "children": {
                                "SubprocessEnvManager._take_step": {
                                    "total": 1.5610924000000477,
                                    "count": 1938,
                                    "self": 0.06389190000017919,
                                    "children": {
                                        "TFPolicy.evaluate": {
                                            "total": 1.4972004999998685,
                                            "count": 1937,
                                            "self": 1.4972004999998685
                                        }
                                    }
                                },
                                "workers": {
                                    "total": 0.027704200000046697,
                                    "count": 1938,
                                    "self": 0.0,
                                    "children": {
                                        "worker_root": {
                                            "total": 37.904359600000014,
                                            "count": 1938,
                                            "is_parallel": true,
                                            "self": 5.953023499999997,
                                            "children": {
                                                "steps_from_proto": {
                                                    "total": 0.00035670000000020963,
                                                    "count": 1,
                                                    "is_parallel": true,
                                                    "self": 7.810000000052497e-05,
                                                    "children": {
                                                        "_process_vector_observation": {
                                                            "total": 0.00027859999999968466,
                                                            "count": 2,
                                                            "is_parallel": true,
                                                            "self": 0.00027859999999968466
                                                        }
                                                    }
                                                },
                                                "UnityEnvironment.step": {
                                                    "total": 31.950979400000016,
                                                    "count": 1938,
                                                    "is_parallel": true,
                                                    "self": 0.18547140000006124,
                                                    "children": {
                                                        "UnityEnvironment._generate_step_input": {
                                                            "total": 1.0242853999998935,
                                                            "count": 1938,
                                                            "is_parallel": true,
                                                            "self": 1.0242853999998935
                                                        },
                                                        "communicator.exchange": {
                                                            "total": 29.974360699999995,
                                                            "count": 1938,
                                                            "is_parallel": true,
                                                            "self": 29.974360699999995
                                                        },
                                                        "steps_from_proto": {
                                                            "total": 0.7668619000000678,
                                                            "count": 1938,
                                                            "is_parallel": true,
                                                            "self": 0.17919039999995867,
                                                            "children": {
                                                                "_process_vector_observation": {
                                                                    "total": 0.5876715000001091,
                                                                    "count": 3876,
                                                                    "is_parallel": true,
                                                                    "self": 0.5876715000001091
                                                                }
                                                            }
                                                        }
                                                    }
                                                }
                                            }
                                        }
                                    }
                                }
                            }
                        }
                    }
                },
                "TrainerController._save_models": {
                    "total": 2.358848100000003,
                    "count": 1,
                    "self": 0.011531900000001372,
                    "children": {
                        "RLTrainer._checkpoint": {
                            "total": 2.3473162000000016,
                            "count": 1,
                            "self": 2.3473162000000016
                        }
                    }
                }
            }
        }
    }
}