{
    "name": "root",
    "metadata": {
        "timer_format_version": "0.1.0",
        "start_time_seconds": "1607272770",
        "python_version": "3.8.6 (tags/v3.8.6:db45529, Sep 23 2020, 15:52:53) [MSC v.1927 64 bit (AMD64)]",
        "command_line_arguments": "C:\\Users\\revok\\AppData\\Local\\Programs\\Python\\Python38\\Scripts\\mlagents-learn config/trainer_config.yaml --run-id=trial12 --initialize-from=trial7",
        "mlagents_version": "0.21.0",
        "mlagents_envs_version": "0.21.0",
        "communication_protocol_version": "1.2.0",
        "tensorflow_version": "2.3.1",
        "numpy_version": "1.18.5",
        "end_time_seconds": "1607273046"
    },
    "total": 276.5703825,
    "count": 1,
    "self": 0.01341840000003458,
    "children": {
        "run_training.setup": {
            "total": 0.019620000000000193,
            "count": 1,
            "self": 0.019620000000000193
        },
        "TrainerController.start_learning": {
            "total": 276.5373441,
            "count": 1,
            "self": 0.2412000000007879,
            "children": {
                "TrainerController._reset_env": {
                    "total": 57.3095262,
                    "count": 1,
                    "self": 57.3095262
                },
                "TrainerController.advance": {
                    "total": 215.9426845999992,
                    "count": 7851,
                    "self": 0.11305119999875046,
                    "children": {
                        "env_step": {
                            "total": 215.82963340000046,
                            "count": 7851,
                            "self": 207.05621310000168,
                            "children": {
                                "SubprocessEnvManager._take_step": {
                                    "total": 8.653127400000301,
                                    "count": 7851,
                                    "self": 0.26979060000053323,
                                    "children": {
                                        "TFPolicy.evaluate": {
                                            "total": 8.383336799999768,
                                            "count": 7844,
                                            "self": 8.383336799999768
                                        }
                                    }
                                },
                                "workers": {
                                    "total": 0.12029289999846071,
                                    "count": 7850,
                                    "self": 0.0,
                                    "children": {
                                        "worker_root": {
                                            "total": 158.20162509999975,
                                            "count": 7850,
                                            "is_parallel": true,
                                            "self": 29.711964799998555,
                                            "children": {
                                                "steps_from_proto": {
                                                    "total": 0.00039579999999972415,
                                                    "count": 1,
                                                    "is_parallel": true,
                                                    "self": 8.700000000061436e-05,
                                                    "children": {
                                                        "_process_vector_observation": {
                                                            "total": 0.0003087999999991098,
                                                            "count": 2,
                                                            "is_parallel": true,
                                                            "self": 0.0003087999999991098
                                                        }
                                                    }
                                                },
                                                "UnityEnvironment.step": {
                                                    "total": 128.48926450000118,
                                                    "count": 7850,
                                                    "is_parallel": true,
                                                    "self": 0.7550079000018286,
                                                    "children": {
                                                        "UnityEnvironment._generate_step_input": {
                                                            "total": 4.099050799998778,
                                                            "count": 7850,
                                                            "is_parallel": true,
                                                            "self": 4.099050799998778
                                                        },
                                                        "communicator.exchange": {
                                                            "total": 120.49522630000061,
                                                            "count": 7850,
                                                            "is_parallel": true,
                                                            "self": 120.49522630000061
                                                        },
                                                        "steps_from_proto": {
                                                            "total": 3.139979499999974,
                                                            "count": 7850,
                                                            "is_parallel": true,
                                                            "self": 0.7399034000026816,
                                                            "children": {
                                                                "_process_vector_observation": {
                                                                    "total": 2.4000760999972925,
                                                                    "count": 15700,
                                                                    "is_parallel": true,
                                                                    "self": 2.4000760999972925
                                                                }
                                                            }
                                                        }
                                                    }
                                                }
                                            }
                                        }
                                    }
                                }
                            }
                        }
                    }
                },
                "TrainerController._save_models": {
                    "total": 3.043933299999992,
                    "count": 1,
                    "self": 0.014223599999979797,
                    "children": {
                        "RLTrainer._checkpoint": {
                            "total": 3.029709700000012,
                            "count": 1,
                            "self": 3.029709700000012
                        }
                    }
                }
            }
        }
    }
}