{
    "name": "root",
    "metadata": {
        "timer_format_version": "0.1.0",
        "start_time_seconds": "1607272018",
        "python_version": "3.8.6 (tags/v3.8.6:db45529, Sep 23 2020, 15:52:53) [MSC v.1927 64 bit (AMD64)]",
        "command_line_arguments": "C:\\Users\\revok\\AppData\\Local\\Programs\\Python\\Python38\\Scripts\\mlagents-learn config/trainer_config.yaml --run-id=trial9 --initialize-from=trial8",
        "mlagents_version": "0.21.0",
        "mlagents_envs_version": "0.21.0",
        "communication_protocol_version": "1.2.0",
        "tensorflow_version": "2.3.1",
        "numpy_version": "1.18.5",
        "end_time_seconds": "1607272029"
    },
    "total": 11.3830373,
    "count": 1,
    "self": 0.44224829999999926,
    "children": {
        "run_training.setup": {
            "total": 0.010979400000000084,
            "count": 1,
            "self": 0.010979400000000084
        },
        "TrainerController.start_learning": {
            "total": 10.9298096,
            "count": 1,
            "self": 0.0024681999999938142,
            "children": {
                "TrainerController._reset_env": {
                    "total": 6.7835312000000005,
                    "count": 1,
                    "self": 6.7835312000000005
                },
                "TrainerController.advance": {
                    "total": 1.9912276000000073,
                    "count": 80,
                    "self": 0.0009280000000124744,
                    "children": {
                        "env_step": {
                            "total": 1.9902995999999948,
                            "count": 80,
                            "self": 1.8935626999999986,
                            "children": {
                                "SubprocessEnvManager._take_step": {
                                    "total": 0.09580219999999962,
                                    "count": 80,
                                    "self": 0.0022078999999965987,
                                    "children": {
                                        "TFPolicy.evaluate": {
                                            "total": 0.09359430000000302,
                                            "count": 80,
                                            "self": 0.09359430000000302
                                        }
                                    }
                                },
                                "workers": {
                                    "total": 0.0009346999999966243,
                                    "count": 80,
                                    "self": 0.0,
                                    "children": {
                                        "worker_root": {
                                            "total": 3.8622125999999986,
                                            "count": 80,
                                            "is_parallel": true,
                                            "self": 2.0479295999999954,
                                            "children": {
                                                "steps_from_proto": {
                                                    "total": 0.0003680999999993162,
                                                    "count": 1,
                                                    "is_parallel": true,
                                                    "self": 7.989999999935549e-05,
                                                    "children": {
                                                        "_process_vector_observation": {
                                                            "total": 0.0002881999999999607,
                                                            "count": 2,
                                                            "is_parallel": true,
                                                            "self": 0.0002881999999999607
                                                        }
                                                    }
                                                },
                                                "UnityEnvironment.step": {
                                                    "total": 1.8139149000000039,
                                                    "count": 80,
                                                    "is_parallel": true,
                                                    "self": 0.006313400000022895,
                                                    "children": {
                                                        "UnityEnvironment._generate_step_input": {
                                                            "total": 0.03516259999998983,
                                                            "count": 80,
                                                            "is_parallel": true,
                                                            "self": 0.03516259999998983
                                                        },
                                                        "communicator.exchange": {
                                                            "total": 1.7453586999999935,
                                                            "count": 80,
                                                            "is_parallel": true,
                                                            "self": 1.7453586999999935
                                                        },
                                                        "steps_from_proto": {
                                                            "total": 0.027080199999997667,
                                                            "count": 80,
                                                            "is_parallel": true,
                                                            "self": 0.006160999999995198,
                                                            "children": {
                                                                "_process_vector_observation": {
                                                                    "total": 0.02091920000000247,
                                                                    "count": 160,
                                                                    "is_parallel": true,
                                                                    "self": 0.02091920000000247
                                                                }
                                                            }
                                                        }
                                                    }
                                                }
                                            }
                                        }
                                    }
                                }
                            }
                        }
                    }
                },
                "TrainerController._save_models": {
                    "total": 2.152582599999999,
                    "count": 1,
                    "self": 0.011676499999998313,
                    "children": {
                        "RLTrainer._checkpoint": {
                            "total": 2.1409061000000005,
                            "count": 1,
                            "self": 2.1409061000000005
                        }
                    }
                }
            }
        }
    }
}