{
    "name": "root",
    "metadata": {
        "timer_format_version": "0.1.0",
        "start_time_seconds": "1607266783",
        "python_version": "3.8.3 (default, Jul  2 2020, 17:30:36) [MSC v.1916 64 bit (AMD64)]",
        "command_line_arguments": "C:\\ProgramData\\Anaconda3\\Scripts\\mlagents-learn config/trainer_config_trial.yaml --run-id Normalized\\trial-1",
        "mlagents_version": "0.22.0",
        "mlagents_envs_version": "0.23.0.dev0",
        "communication_protocol_version": "1.2.0",
        "pytorch_version": "1.7.0+cu110",
        "numpy_version": "1.18.5",
        "end_time_seconds": "1607267211"
    },
    "total": 427.7346843,
    "count": 1,
    "self": 0.6086554000000319,
    "children": {
        "run_training.setup": {
            "total": 0.017590499999999842,
            "count": 1,
            "self": 0.017590499999999842
        },
        "TrainerController.start_learning": {
            "total": 427.1084384,
            "count": 1,
            "self": 0.1979171999998357,
            "children": {
                "TrainerController._reset_env": {
                    "total": 17.7454496,
                    "count": 1,
                    "self": 17.7454496
                },
                "TrainerController.advance": {
                    "total": 408.57353220000016,
                    "count": 6224,
                    "self": 0.09684679999855916,
                    "children": {
                        "env_step": {
                            "total": 408.4766854000016,
                            "count": 6224,
                            "self": 351.7753036000018,
                            "children": {
                                "SubprocessEnvManager._take_step": {
                                    "total": 56.5922771999986,
                                    "count": 6224,
                                    "self": 0.9607594000000077,
                                    "children": {
                                        "TorchPolicy.evaluate": {
                                            "total": 55.63151779999859,
                                            "count": 6218,
                                            "self": 9.86640179999847,
                                            "children": {
                                                "TorchPolicy.sample_actions": {
                                                    "total": 45.76511600000012,
                                                    "count": 6218,
                                                    "self": 45.76511600000012
                                                }
                                            }
                                        }
                                    }
                                },
                                "workers": {
                                    "total": 0.10910460000120636,
                                    "count": 6224,
                                    "self": 0.0,
                                    "children": {
                                        "worker_root": {
                                            "total": 410.2679149999993,
                                            "count": 6224,
                                            "is_parallel": true,
                                            "self": 102.31897129999817,
                                            "children": {
                                                "steps_from_proto": {
                                                    "total": 0.0022684000000001703,
                                                    "count": 1,
                                                    "is_parallel": true,
                                                    "self": 0.00028160000000099217,
                                                    "children": {
                                                        "_process_vector_observation": {
                                                            "total": 0.001986799999999178,
                                                            "count": 2,
                                                            "is_parallel": true,
                                                            "self": 0.001986799999999178
                                                        }
                                                    }
                                                },
                                                "UnityEnvironment.step": {
                                                    "total": 307.9466753000011,
                                                    "count": 6224,
                                                    "is_parallel": true,
                                                    "self": 1.2734227000007081,
                                                    "children": {
                                                        "UnityEnvironment._generate_step_input": {
                                                            "total": 11.693383399999416,
                                                            "count": 6224,
                                                            "is_parallel": true,
                                                            "self": 11.693383399999416
                                                        },
                                                        "communicator.exchange": {
                                                            "total": 288.14410500000116,
                                                            "count": 6224,
                                                            "is_parallel": true,
                                                            "self": 288.14410500000116
                                                        },
                                                        "steps_from_proto": {
                                                            "total": 6.835764199999847,
                                                            "count": 6224,
                                                            "is_parallel": true,
                                                            "self": 0.8716215000004652,
                                                            "children": {
                                                                "_process_vector_observation": {
                                                                    "total": 5.964142699999382,
                                                                    "count": 12448,
                                                                    "is_parallel": true,
                                                                    "self": 5.964142699999382
                                                                }
                                                            }
                                                        }
                                                    }
                                                }
                                            }
                                        }
                                    }
                                }
                            }
                        }
                    }
                },
                "TrainerController._save_models": {
                    "total": 0.5915393999999878,
                    "count": 1,
                    "self": 0.016125799999997525,
                    "children": {
                        "RLTrainer._checkpoint": {
                            "total": 0.5754135999999903,
                            "count": 1,
                            "self": 0.5754135999999903
                        }
                    }
                }
            }
        }
    }
}