{
    "name": "root",
    "gauges": {
        "Walker.Policy.Entropy.mean": {
            "value": 1.4178924560546875,
            "min": 1.4178262948989868,
            "max": 1.4189385175704956,
            "count": 20
        },
        "Walker.Environment.EpisodeLength.mean": {
            "value": 999.0,
            "min": 999.0,
            "max": 1000.0,
            "count": 12
        },
        "Walker.Policy.ExtrinsicValueEstimate.mean": {
            "value": -2.298208713531494,
            "min": -2.298208713531494,
            "max": 0.011942489072680473,
            "count": 21
        },
        "Walker.IsTraining.mean": {
            "value": 0.0,
            "min": 0.0,
            "max": 1.0,
            "count": 21
        },
        "Walker.Environment.CumulativeReward.mean": {
            "value": -509.35703125,
            "min": -727.3503173828125,
            "max": -403.4290771484375,
            "count": 20
        },
        "Walker.Policy.ExtrinsicReward.mean": {
            "value": -509.35703125,
            "min": -727.3503173828125,
            "max": -403.4290771484375,
            "count": 20
        },
        "Walker.Losses.ValueLoss.mean": {
            "value": 123.43033599853516,
            "min": 83.2670669555664,
            "max": 133.50772094726562,
            "count": 5
        },
        "Walker.Losses.PolicyLoss.mean": {
            "value": 0.021379785612225533,
            "min": 0.021379785612225533,
            "max": 0.02431637793779373,
            "count": 5
        },
        "Walker.Policy.LearningRate.mean": {
            "value": 2.9973098207847215e-05,
            "min": 2.9973098207847215e-05,
            "max": 0.00024597306037321687,
            "count": 5
        },
        "Walker.Policy.Epsilon.mean": {
            "value": 0.10999100655317307,
            "min": 0.10999100655317307,
            "max": 0.18199098110198975,
            "count": 5
        },
        "Walker.Policy.Beta.mean": {
            "value": 0.0005085510201752186,
            "min": 0.0005085510201752186,
            "max": 0.004101350903511047,
            "count": 5
        }
    },
    "metadata": {
        "timer_format_version": "0.1.0",
        "start_time_seconds": "1606663954",
        "python_version": "3.8.6 (tags/v3.8.6:db45529, Sep 23 2020, 15:52:53) [MSC v.1927 64 bit (AMD64)]",
        "command_line_arguments": "C:\\Users\\revok\\AppData\\Local\\Programs\\Python\\Python38\\Scripts\\mlagents-learn config/trainer_config.yaml --run-id=walker",
        "mlagents_version": "0.21.0",
        "mlagents_envs_version": "0.21.0",
        "communication_protocol_version": "1.2.0",
        "tensorflow_version": "2.3.1",
        "numpy_version": "1.18.5",
        "end_time_seconds": "1606664189"
    },
    "total": 234.9509765,
    "count": 1,
    "self": 0.4621996000000195,
    "children": {
        "run_training.setup": {
            "total": 0.00851349999999984,
            "count": 1,
            "self": 0.00851349999999984
        },
        "TrainerController.start_learning": {
            "total": 234.48026339999998,
            "count": 1,
            "self": 0.6555291999983694,
            "children": {
                "TrainerController._reset_env": {
                    "total": 9.805756500000001,
                    "count": 1,
                    "self": 9.805756500000001
                },
                "TrainerController.advance": {
                    "total": 222.2021364000016,
                    "count": 12013,
                    "self": 0.1467266000008749,
                    "children": {
                        "env_step": {
                            "total": 222.05540980000072,
                            "count": 12013,
                            "self": 211.93499710000302,
                            "children": {
                                "SubprocessEnvManager._take_step": {
                                    "total": 9.960402999998076,
                                    "count": 12013,
                                    "self": 0.3401446999966584,
                                    "children": {
                                        "TFPolicy.evaluate": {
                                            "total": 9.620258300001417,
                                            "count": 12001,
                                            "self": 9.620258300001417
                                        }
                                    }
                                },
                                "workers": {
                                    "total": 0.160009699999625,
                                    "count": 12013,
                                    "self": 0.0,
                                    "children": {
                                        "worker_root": {
                                            "total": 223.55506769999897,
                                            "count": 12013,
                                            "is_parallel": true,
                                            "self": 50.05492150000026,
                                            "children": {
                                                "steps_from_proto": {
                                                    "total": 0.0003630999999995055,
                                                    "count": 1,
                                                    "is_parallel": true,
                                                    "self": 7.950000000001012e-05,
                                                    "children": {
                                                        "_process_vector_observation": {
                                                            "total": 0.00028359999999949537,
                                                            "count": 2,
                                                            "is_parallel": true,
                                                            "self": 0.00028359999999949537
                                                        }
                                                    }
                                                },
                                                "UnityEnvironment.step": {
                                                    "total": 173.49978309999872,
                                                    "count": 12013,
                                                    "is_parallel": true,
                                                    "self": 1.0116800999989835,
                                                    "children": {
                                                        "UnityEnvironment._generate_step_input": {
                                                            "total": 5.060313700000037,
                                                            "count": 12013,
                                                            "is_parallel": true,
                                                            "self": 5.060313700000037
                                                        },
                                                        "communicator.exchange": {
                                                            "total": 163.4615454,
                                                            "count": 12013,
                                                            "is_parallel": true,
                                                            "self": 163.4615454
                                                        },
                                                        "steps_from_proto": {
                                                            "total": 3.9662438999997107,
                                                            "count": 12013,
                                                            "is_parallel": true,