{
    "name": "root",
    "gauges": {
        "Walker.Policy.Entropy.mean": {
            "value": 1.3772104978561401,
            "min": 1.377161979675293,
            "max": 1.4222040176391602,
            "count": 201
        },
        "Walker.Environment.EpisodeLength.mean": {
            "value": 999.0,
            "min": 999.0,
            "max": 1000.0,
            "count": 113
        },
        "Walker.Policy.ExtrinsicValueEstimate.mean": {
            "value": -18.4431095123291,
            "min": -18.463048934936523,
            "max": -0.1132296547293663,
            "count": 201
        },
        "Walker.IsTraining.mean": {
            "value": 0.0,
            "min": 0.0,
            "max": 1.0,
            "count": 201
        },
        "Walker.Environment.CumulativeReward.mean": {
            "value": -353.8263427734375,
            "min": -714.3006958007812,
            "max": -264.3231964111328,
            "count": 200
        },
        "Walker.Policy.ExtrinsicReward.mean": {
            "value": -353.8263427734375,
            "min": -714.3006958007812,
            "max": -264.3231964111328,
            "count": 200
        },
        "Walker.Losses.ValueLoss.mean": {
            "value": 33.98851776123047,
            "min": 33.98851776123047,
            "max": 126.32766723632812,
            "count": 55
        },
        "Walker.Losses.PolicyLoss.mean": {
            "value": 0.023420361801981926,
            "min": 0.021999381482601166,
            "max": 0.027461517602205276,
            "count": 55
        },
        "Walker.Policy.LearningRate.mean": {
            "value": 2.997396677528741e-06,
            "min": 2.997396677528741e-06,
            "max": 0.00029459732468239963,
            "count": 55
        },
        "Walker.Policy.Epsilon.mean": {
            "value": 0.10099910199642181,
            "min": 0.10099910199642181,
            "max": 0.198199063539505,
            "count": 55
        },
        "Walker.Policy.Beta.mean": {
            "value": 5.9855050494661555e-05,
            "min": 5.9855050494661555e-05,
            "max": 0.004910134710371494,
            "count": 55
        }
    },
    "metadata": {
        "timer_format_version": "0.1.0",
        "start_time_seconds": "1607263956",
        "python_version": "3.8.6 (tags/v3.8.6:db45529, Sep 23 2020, 15:52:53) [MSC v.1927 64 bit (AMD64)]",
        "command_line_arguments": "C:\\Users\\revok\\AppData\\Local\\Programs\\Python\\Python38\\Scripts\\mlagents-learn config/trainer_config.yaml --run-id=TrueWalker",
        "mlagents_version": "0.21.0",
        "mlagents_envs_version": "0.21.0",
        "communication_protocol_version": "1.2.0",
        "tensorflow_version": "2.3.1",
        "numpy_version": "1.18.5",
        "end_time_seconds": "1607265906"
    },
    "total": 1949.626093,
    "count": 1,
    "self": 0.3774510000000646,
    "children": {
        "run_training.setup": {
            "total": 2.6439998999999994,
            "count": 1,
            "self": 2.6439998999999994
        },
        "TrainerController.start_learning": {
            "total": 1946.6046421,
            "count": 1,
            "self": 3.2901152999932037,
            "children": {
                "TrainerController._reset_env": {
                    "total": 5.177121,
                    "count": 1,
                    "self": 5.177121
                },
                "TrainerController.advance": {
                    "total": 1936.1557014000068,
                    "count": 112150,
                    "self": 1.3466916000313631,
                    "children": {
                        "env_step": {
                            "total": 1934.8090097999755,
                            "count": 112150,
                            "self": 1811.4612180999304,
                            "children": {
                                "SubprocessEnvManager._take_step": {
                                    "total": 121.81416170003291,
                                    "count": 112150,
                                    "self": 3.316685000055756,
                                    "children": {
                                        "TFPolicy.evaluate": {
                                            "total": 118.49747669997716,
                                            "count": 112038,
                                            "self": 118.49747669997716
                                        }
                                    }
                                },
                                "workers": {
                                    "total": 1.5336300000121525,
                                    "count": 112150,
                                    "self": 0.0,
                                    "children": {
                                        "worker_root": {
                                            "total": 1937.1768262000364,
                                            "count": 112150,
                                            "is_parallel": true,
                                            "self": 398.3962883000386,
                                            "children": {
                                                "steps_from_proto": {
                                                    "total": 0.0003665999999999947,
                                                    "count": 1,
                                                    "is_parallel": true,
                                                    "self": 8.350000000012514e-05,
                                                    "children": {
                                                        "_process_vector_observation": {
                                                            "total": 0.00028309999999986957,
                                                            "count": 2,
                                                            "is_parallel": true,
                                                            "self": 0.00028309999999986957
                                                        }
                                                    }
                                                },
                                                "UnityEnvironment.step": {
                                                    "total": 1538.7801712999978,
                                                    "count": 112150,
                                                    "is_parallel": true,
                                                    "self": 8.840735700035111,
                                                    "children": {
                                                        "UnityEnvironment._generate_step_input": {
                                                            "total": 48.793845899975935,
                                                            "count": 112150,
                                                            "is_parallel": true,
                                                            "self": 48.793845899975935
                                                        },
                                                        "communicator.exchange": {
                                                            "total": 1442.623189900006,
                                                            "count": 112150,
                                                            "is_parallel": true,
                                                            "self": 1442.623189900006
                                                        },
                                                        "steps_from_proto": {
                                                            "total": 38.52239979998085,
                                                            "count": 112150,
                                                            "is_parallel": true,