{
    "name": "root",
    "gauges": {
        "Walker.Policy.Entropy.mean": {
            "value": 1.3728468418121338,
            "min": 1.3728467226028442,
            "max": 1.4189385175704956,
            "count": 201
        },
        "Walker.Environment.EpisodeLength.mean": {
            "value": 999.0,
            "min": 999.0,
            "max": 1000.0,
            "count": 112
        },
        "Walker.Policy.ExtrinsicValueEstimate.mean": {
            "value": -12.747584342956543,
            "min": -12.747584342956543,
            "max": 0.15830272436141968,
            "count": 201
        },
        "Walker.IsTraining.mean": {
            "value": 0.0,
            "min": 0.0,
            "max": 1.0,
            "count": 201
        },
        "Walker.Environment.CumulativeReward.mean": {
            "value": -165.59439086914062,
            "min": -685.850537109375,
            "max": -111.40620422363281,
            "count": 200
        },
        "Walker.Policy.ExtrinsicReward.mean": {
            "value": -165.59439086914062,
            "min": -685.850537109375,
            "max": -111.40620422363281,
            "count": 200
        },
        "Walker.Losses.ValueLoss.mean": {
            "value": 5.078952789306641,
            "min": 5.078952789306641,
            "max": 132.19461059570312,
            "count": 55
        },
        "Walker.Losses.PolicyLoss.mean": {
            "value": 0.024074295535683632,
            "min": 0.024061251431703568,
            "max": 0.03688916191458702,
            "count": 55
        },
        "Walker.Policy.LearningRate.mean": {
            "value": 2.9973964501550654e-06,
            "min": 2.9973964501550654e-06,
            "max": 0.00029459732468239963,
            "count": 55
        },
        "Walker.Policy.Epsilon.mean": {
            "value": 0.10099910944700241,
            "min": 0.10099910944700241,
            "max": 0.1981990784406662,
            "count": 55
        },
        "Walker.Policy.Beta.mean": {
            "value": 5.9855050494661555e-05,
            "min": 5.9855050494661555e-05,
            "max": 0.004910134710371494,
            "count": 55
        }
    },
    "metadata": {
        "timer_format_version": "0.1.0",
        "start_time_seconds": "1606903091",
        "python_version": "3.8.6 (tags/v3.8.6:db45529, Sep 23 2020, 15:52:53) [MSC v.1927 64 bit (AMD64)]",
        "command_line_arguments": "C:\\Users\\revok\\AppData\\Local\\Programs\\Python\\Python38\\Scripts\\mlagents-learn config/trainer_config.yaml --run-id=try --train",
        "mlagents_version": "0.21.0",
        "mlagents_envs_version": "0.21.0",
        "communication_protocol_version": "1.2.0",
        "tensorflow_version": "2.3.1",
        "numpy_version": "1.18.5",
        "end_time_seconds": "1606905742"
    },
    "total": 2650.0919544,
    "count": 1,
    "self": 0.6720229999996263,
    "children": {
        "run_training.setup": {
            "total": 0.011538399999999616,
            "count": 1,
            "self": 0.011538399999999616
        },
        "TrainerController.start_learning": {
            "total": 2649.408393,
            "count": 1,
            "self": 4.069734200011226,
            "children": {
                "TrainerController._reset_env": {
                    "total": 16.835728699999997,
                    "count": 1,
                    "self": 16.835728699999997
                },
                "TrainerController.advance": {
                    "total": 2626.0951691999894,
                    "count": 112141,
                    "self": 1.6257483999684155,
                    "children": {
                        "env_step": {
                            "total": 2624.469420800021,
                            "count": 112141,
                            "self": 2396.820242200058,
                            "children": {
                                "SubprocessEnvManager._take_step": {
                                    "total": 225.8057747999975,
                                    "count": 112141,
                                    "self": 3.9483352000110585,
                                    "children": {
                                        "TFPolicy.evaluate": {
                                            "total": 221.85743959998644,
                                            "count": 112029,
                                            "self": 221.85743959998644
                                        }
                                    }
                                },
                                "workers": {
                                    "total": 1.8434037999652553,
                                    "count": 112141,
                                    "self": 0.0,
                                    "children": {
                                        "worker_root": {
                                            "total": 2626.8307118000575,
                                            "count": 112141,
                                            "is_parallel": true,
                                            "self": 811.6430304000814,
                                            "children": {
                                                "steps_from_proto": {
                                                    "total": 0.00037329999999968777,
                                                    "count": 1,
                                                    "is_parallel": true,
                                                    "self": 8.080000000099119e-05,
                                                    "children": {
                                                        "_process_vector_observation": {
                                                            "total": 0.0002924999999986966,
                                                            "count": 2,
                                                            "is_parallel": true,
                                                            "self": 0.0002924999999986966
                                                        }
                                                    }
                                                },
                                                "UnityEnvironment.step": {
                                                    "total": 1815.187308099976,
                                                    "count": 112141,
                                                    "is_parallel": true,
                                                    "self": 11.218663199907951,
                                                    "children": {
                                                        "UnityEnvironment._generate_step_input": {
                                                            "total": 56.938028900029636,
                                                            "count": 112141,
                                                            "is_parallel": true,
                                                            "self": 56.938028900029636
                                                        },
                                                        "communicator.exchange": {
                                                            "total": 1701.2062063000167,
                                                            "count": 112141,
                                                            "is_parallel": true,
                                                            "self": 1701.2062063000167
                                                        },
                                                        "steps_from_proto": {
                                                            "total": 45.824409700021675,
                                                            "count": 112141,
                                                            "is_parallel": true,