{
    "name": "root",
    "metadata": {
        "timer_format_version": "0.1.0",
        "start_time_seconds": "1607271897",
        "python_version": "3.8.6 (tags/v3.8.6:db45529, Sep 23 2020, 15:52:53) [MSC v.1927 64 bit (AMD64)]",
        "command_line_arguments": "C:\\Users\\revok\\AppData\\Local\\Programs\\Python\\Python38\\Scripts\\mlagents-learn config/trainer_config.yaml --run-id=trial8 --initialize-from=trial7",
        "mlagents_version": "0.21.0",
        "mlagents_envs_version": "0.21.0",
        "communication_protocol_version": "1.2.0",
        "tensorflow_version": "2.3.1",
        "numpy_version": "1.18.5",
        "end_time_seconds": "1607271970"
    },
    "total": 73.4746851,
    "count": 1,
    "self": 0.3614268999999979,
    "children": {
        "run_training.setup": {
            "total": 0.01013799999999998,
            "count": 1,
            "self": 0.01013799999999998
        },
        "TrainerController.start_learning": {
            "total": 73.1031202,
            "count": 1,
            "self": 0.07514139999973679,
            "children": {
                "TrainerController._reset_env": {
                    "total": 23.6125751,
                    "count": 1,
                    "self": 23.6125751
                },
                "TrainerController.advance": {
                    "total": 47.341478100000266,
                    "count": 2928,
                    "self": 0.03310700000023559,
                    "children": {
                        "env_step": {
                            "total": 47.30837110000003,
                            "count": 2928,
                            "self": 44.33550879999958,
                            "children": {
                                "SubprocessEnvManager._take_step": {
                                    "total": 2.935804000000296,
                                    "count": 2928,
                                    "self": 0.08018270000017225,
                                    "children": {
                                        "TFPolicy.evaluate": {
                                            "total": 2.8556213000001236,
                                            "count": 2926,
                                            "self": 2.8556213000001236
                                        }
                                    }
                                },
                                "workers": {
                                    "total": 0.03705830000015453,
                                    "count": 2928,
                                    "self": 0.0,
                                    "children": {
                                        "worker_root": {
                                            "total": 49.04488930000019,
                                            "count": 2928,
                                            "is_parallel": true,
                                            "self": 9.769511600000214,
                                            "children": {
                                                "steps_from_proto": {
                                                    "total": 0.0004272000000007381,
                                                    "count": 1,
                                                    "is_parallel": true,
                                                    "self": 9.630000000271366e-05,
                                                    "children": {
                                                        "_process_vector_observation": {
                                                            "total": 0.00033089999999802444,
                                                            "count": 2,
                                                            "is_parallel": true,
                                                            "self": 0.00033089999999802444
                                                        }
                                                    }
                                                },
                                                "UnityEnvironment.step": {
                                                    "total": 39.274950499999974,
                                                    "count": 2928,
                                                    "is_parallel": true,
                                                    "self": 0.2192658999999182,
                                                    "children": {
                                                        "UnityEnvironment._generate_step_input": {
                                                            "total": 1.1847803000000035,
                                                            "count": 2928,
                                                            "is_parallel": true,
                                                            "self": 1.1847803000000035
                                                        },
                                                        "communicator.exchange": {
                                                            "total": 36.932219100000125,
                                                            "count": 2928,
                                                            "is_parallel": true,
                                                            "self": 36.932219100000125
                                                        },
                                                        "steps_from_proto": {
                                                            "total": 0.9386851999999308,
                                                            "count": 2928,
                                                            "is_parallel": true,
                                                            "self": 0.2201331999995908,
                                                            "children": {
                                                                "_process_vector_observation": {
                                                                    "total": 0.71855200000034,
                                                                    "count": 5856,
                                                                    "is_parallel": true,
                                                                    "self": 0.71855200000034
                                                                }
                                                            }
                                                        }
                                                    }
                                                }
                                            }
                                        }
                                    }
                                }
                            }
                        }
                    }
                },
                "TrainerController._save_models": {
                    "total": 2.0739256000000097,
                    "count": 1,
                    "self": 0.013545500000006427,
                    "children": {
                        "RLTrainer._checkpoint": {
                            "total": 2.0603801000000033,
                            "count": 1,
                            "self": 2.0603801000000033
                        }
                    }
                }
            }
        }
    }
}