{
    "name": "root",
    "gauges": {
        "Fighter.Policy.Entropy.mean": {
            "value": 1.4186292886734009,
            "min": 1.4186292886734009,
            "max": 1.4191665649414062,
            "count": 10
        },
        "Fighter.Environment.EpisodeLength.mean": {
            "value": 999.0,
            "min": 999.0,
            "max": 1000.0,
            "count": 6
        },
        "Fighter.Policy.ExtrinsicValueEstimate.mean": {
            "value": -0.3586459755897522,
            "min": -0.4442531168460846,
            "max": 0.13652491569519043,
            "count": 10
        },
        "Fighter.IsTraining.mean": {
            "value": 1.0,
            "min": 1.0,
            "max": 1.0,
            "count": 10
        },
        "Fighter.Environment.CumulativeReward.mean": {
            "value": -170.4544662475586,
            "min": -274.8203460693359,
            "max": -100.55945510864258,
            "count": 9
        },
        "Fighter.Policy.ExtrinsicReward.mean": {
            "value": -170.4544662475586,
            "min": -274.8203460693359,
            "max": -100.55945510864258,
            "count": 9
        },
        "Fighter.Losses.ValueLoss.mean": {
            "value": 34.23427200317383,
            "min": 34.23427200317383,
            "max": 34.627803802490234,
            "count": 2
        },
        "Fighter.Losses.PolicyLoss.mean": {
            "value": 0.02054804190993309,
            "min": 0.02054804190993309,
            "max": 0.025727933272719383,
            "count": 2
        },
        "Fighter.Policy.LearningRate.mean": {
            "value": 8.394609176320955e-05,
            "min": 8.394609176320955e-05,
            "max": 0.00019194601918570697,
            "count": 2
        },
        "Fighter.Policy.Epsilon.mean": {
            "value": 0.1279820203781128,
            "min": 0.1279820203781128,
            "max": 0.16398203372955322,
            "count": 2
        },
        "Fighter.Policy.Beta.mean": {
            "value": 0.0014063020935282111,
            "min": 0.0014063020935282111,
            "max": 0.0032027019187808037,
            "count": 2
        }
    },
    "metadata": {
        "timer_format_version": "0.1.0",
        "start_time_seconds": "1606662921",
        "python_version": "3.8.6 (tags/v3.8.6:db45529, Sep 23 2020, 15:52:53) [MSC v.1927 64 bit (AMD64)]",
        "command_line_arguments": "C:\\Users\\revok\\AppData\\Local\\Programs\\Python\\Python38\\Scripts\\mlagents-learn config/trainer_config.yaml --run-id=first4",
        "mlagents_version": "0.21.0",
        "mlagents_envs_version": "0.21.0",
        "communication_protocol_version": "1.2.0",
        "tensorflow_version": "2.3.1",
        "numpy_version": "1.18.5",
        "end_time_seconds": "1606663056"
    },
    "total": 134.9400667,
    "count": 1,
    "self": 0.4650386999999796,
    "children": {
        "run_training.setup": {
            "total": 0.009054100000000176,
            "count": 1,
            "self": 0.009054100000000176
        },
        "TrainerController.start_learning": {
            "total": 134.4659739,
            "count": 1,
            "self": 0.3512517000000628,
            "children": {
                "TrainerController._reset_env": {
                    "total": 8.8079315,
                    "count": 1,
                    "self": 8.8079315
                },
                "TrainerController.advance": {
                    "total": 123.46631049999992,
                    "count": 6012,
                    "self": 0.07253330000015978,
                    "children": {
                        "env_step": {
                            "total": 123.39377719999976,
                            "count": 6012,
                            "self": 118.34177960000008,
                            "children": {
                                "SubprocessEnvManager._take_step": {
                                    "total": 4.975531399999786,
                                    "count": 6012,
                                    "self": 0.17928469999943708,
                                    "children": {
                                        "TFPolicy.evaluate": {
                                            "total": 4.796246700000349,
                                            "count": 6006,
                                            "self": 4.796246700000349
                                        }
                                    }
                                },
                                "workers": {
                                    "total": 0.07646619999989213,
                                    "count": 6012,
                                    "self": 0.0,
                                    "children": {
                                        "worker_root": {
                                            "total": 124.9799766000004,
                                            "count": 6012,
                                            "is_parallel": true,
                                            "self": 20.753447800000913,
                                            "children": {
                                                "steps_from_proto": {
                                                    "total": 0.005946400000000018,
                                                    "count": 1,
                                                    "is_parallel": true,
                                                    "self": 0.00011440000000018102,
                                                    "children": {
                                                        "_process_vector_observation": {
                                                            "total": 0.005831999999999837,
                                                            "count": 2,
                                                            "is_parallel": true,
                                                            "self": 0.005831999999999837
                                                        }
                                                    }
                                                },
                                                "UnityEnvironment.step": {
                                                    "total": 104.22058239999949,
                                                    "count": 6012,
                                                    "is_parallel": true,
                                                    "self": 0.5361934999992712,
                                                    "children": {
                                                        "UnityEnvironment._generate_step_input": {
                                                            "total": 2.0272007000006145,
                                                            "count": 6012,
                                                            "is_parallel": true,
                                                            "self": 2.0272007000006145
                                                        },
                                                        "communicator.exchange": {
                                                            "total": 98.7814522999996,
                                                            "count": 6012,
                                                            "is_parallel": true,
                                                            "self": 98.7814522999996
                                                        },
                                                        "steps_from_proto": {
                                                            "total": 2.875735899999997,
                                                            "count": 6012,
                                                            "is_parallel": true,