{
    "name": "root",
    "metadata": {
        "timer_format_version": "0.1.0",
        "start_time_seconds": "1607272110",
        "python_version": "3.8.6 (tags/v3.8.6:db45529, Sep 23 2020, 15:52:53) [MSC v.1927 64 bit (AMD64)]",
        "command_line_arguments": "C:\\Users\\revok\\AppData\\Local\\Programs\\Python\\Python38\\Scripts\\mlagents-learn config/trainer_config.yaml --run-id=trial11 --initialize-from=trial7",
        "mlagents_version": "0.21.0",
        "mlagents_envs_version": "0.21.0",
        "communication_protocol_version": "1.2.0",
        "tensorflow_version": "2.3.1",
        "numpy_version": "1.18.5",
        "end_time_seconds": "1607272137"
    },
    "total": 26.8182035,
    "count": 1,
    "self": 0.38416580000000167,
    "children": {
        "run_training.setup": {
            "total": 0.010699699999999979,
            "count": 1,
            "self": 0.010699699999999979
        },
        "TrainerController.start_learning": {
            "total": 26.423337999999998,
            "count": 1,
            "self": 0.021877499999924055,
            "children": {
                "TrainerController._reset_env": {
                    "total": 10.4842321,
                    "count": 1,
                    "self": 10.4842321
                },
                "TrainerController.advance": {
                    "total": 13.918237200000073,
                    "count": 913,
                    "self": 0.009559300000111293,
                    "children": {
                        "env_step": {
                            "total": 13.908677899999962,
                            "count": 913,
                            "self": 13.269692499999968,
                            "children": {
                                "SubprocessEnvManager._take_step": {
                                    "total": 0.6285536999999941,
                                    "count": 913,
                                    "self": 0.02307460000009165,
                                    "children": {
                                        "TFPolicy.evaluate": {
                                            "total": 0.6054790999999025,
                                            "count": 913,
                                            "self": 0.6054790999999025
                                        }
                                    }
                                },
                                "workers": {
                                    "total": 0.010431699999999822,
                                    "count": 913,
                                    "self": 0.0,
                                    "children": {
                                        "worker_root": {
                                            "total": 15.656890499999973,
                                            "count": 913,
                                            "is_parallel": true,
                                            "self": 3.2362930999999797,
                                            "children": {
                                                "steps_from_proto": {
                                                    "total": 0.00036300000000011323,
                                                    "count": 1,
                                                    "is_parallel": true,
                                                    "self": 8.060000000043033e-05,
                                                    "children": {
                                                        "_process_vector_observation": {
                                                            "total": 0.0002823999999996829,
                                                            "count": 2,
                                                            "is_parallel": true,
                                                            "self": 0.0002823999999996829
                                                        }
                                                    }
                                                },
                                                "UnityEnvironment.step": {
                                                    "total": 12.420234399999993,
                                                    "count": 913,
                                                    "is_parallel": true,
                                                    "self": 0.06371560000003207,
                                                    "children": {
                                                        "UnityEnvironment._generate_step_input": {
                                                            "total": 0.3580935999999415,
                                                            "count": 913,
                                                            "is_parallel": true,
                                                            "self": 0.3580935999999415
                                                        },
                                                        "communicator.exchange": {
                                                            "total": 11.717472300000031,
                                                            "count": 913,
                                                            "is_parallel": true,
                                                            "self": 11.717472300000031
                                                        },
                                                        "steps_from_proto": {
                                                            "total": 0.2809528999999884,
                                                            "count": 913,
                                                            "is_parallel": true,
                                                            "self": 0.06634920000009359,
                                                            "children": {
                                                                "_process_vector_observation": {
                                                                    "total": 0.21460369999989481,
                                                                    "count": 1826,
                                                                    "is_parallel": true,
                                                                    "self": 0.21460369999989481
                                                                }
                                                            }
                                                        }
                                                    }
                                                }
                                            }
                                        }
                                    }
                                }
                            }
                        }
                    }
                },
                "TrainerController._save_models": {
                    "total": 1.9989912000000025,
                    "count": 1,
                    "self": 0.011735600000005064,
                    "children": {
                        "RLTrainer._checkpoint": {
                            "total": 1.9872555999999975,
                            "count": 1,
                            "self": 1.9872555999999975
                        }
                    }
                }
            }
        }
    }
}