{
    "name": "root",
    "metadata": {
        "timer_format_version": "0.1.0",
        "start_time_seconds": "1607267575",
        "python_version": "3.8.6 (tags/v3.8.6:db45529, Sep 23 2020, 15:52:53) [MSC v.1927 64 bit (AMD64)]",
        "command_line_arguments": "C:\\Users\\revok\\AppData\\Local\\Programs\\Python\\Python38\\Scripts\\mlagents-learn config/trainer_config.yaml --run-id=trial2 --initialize-from=trial",
        "mlagents_version": "0.21.0",
        "mlagents_envs_version": "0.21.0",
        "communication_protocol_version": "1.2.0",
        "tensorflow_version": "2.3.1",
        "numpy_version": "1.18.5",
        "end_time_seconds": "1607267819"
    },
    "total": 244.168086,
    "count": 1,
    "self": 0.4016917999999805,
    "children": {
        "run_training.setup": {
            "total": 0.009525399999999795,
            "count": 1,
            "self": 0.009525399999999795
        },
        "TrainerController.start_learning": {
            "total": 243.7568688,
            "count": 1,
            "self": 0.29240620000024364,
            "children": {
                "TrainerController._reset_env": {
                    "total": 50.380684699999996,
                    "count": 1,
                    "self": 50.380684699999996
                },
                "TrainerController.advance": {
                    "total": 190.87863339999976,
                    "count": 10588,
                    "self": 0.13373570000052837,
                    "children": {
                        "env_step": {
                            "total": 190.74489769999923,
                            "count": 10588,
                            "self": 179.0920870999999,
                            "children": {
                                "SubprocessEnvManager._take_step": {
                                    "total": 11.501028399998333,
                                    "count": 10588,
                                    "self": 0.31869939999735664,
                                    "children": {
                                        "TFPolicy.evaluate": {
                                            "total": 11.182329000000976,
                                            "count": 10578,
                                            "self": 11.182329000000976
                                        }
                                    }
                                },
                                "workers": {
                                    "total": 0.1517822000009872,
                                    "count": 10588,
                                    "self": 0.0,
                                    "children": {
                                        "worker_root": {
                                            "total": 192.75601859999895,
                                            "count": 10588,
                                            "is_parallel": true,
                                            "self": 38.318081699999595,
                                            "children": {
                                                "steps_from_proto": {
                                                    "total": 0.00036899999999917554,
                                                    "count": 1,
                                                    "is_parallel": true,
                                                    "self": 7.879999999715892e-05,
                                                    "children": {
                                                        "_process_vector_observation": {
                                                            "total": 0.0002902000000020166,
                                                            "count": 2,
                                                            "is_parallel": true,
                                                            "self": 0.0002902000000020166
                                                        }
                                                    }
                                                },
                                                "UnityEnvironment.step": {
                                                    "total": 154.43756789999935,
                                                    "count": 10588,
                                                    "is_parallel": true,
                                                    "self": 0.8932099999963441,
                                                    "children": {
                                                        "UnityEnvironment._generate_step_input": {
                                                            "total": 4.909642700002017,
                                                            "count": 10588,
                                                            "is_parallel": true,
                                                            "self": 4.909642700002017
                                                        },
                                                        "communicator.exchange": {
                                                            "total": 144.87980899999977,
                                                            "count": 10588,
                                                            "is_parallel": true,
                                                            "self": 144.87980899999977
                                                        },
                                                        "steps_from_proto": {
                                                            "total": 3.7549062000012228,
                                                            "count": 10588,
                                                            "is_parallel": true,
                                                            "self": 0.86825440000311,
                                                            "children": {
                                                                "_process_vector_observation": {
                                                                    "total": 2.8866517999981127,
                                                                    "count": 21176,
                                                                    "is_parallel": true,
                                                                    "self": 2.8866517999981127
                                                                }
                                                            }
                                                        }
                                                    }
                                                }
                                            }
                                        }
                                    }
                                }
                            }
                        }
                    }
                },
                "TrainerController._save_models": {
                    "total": 2.205144500000017,
                    "count": 1,
                    "self": 0.012724800000000869,
                    "children": {
                        "RLTrainer._checkpoint": {
                            "total": 2.1924197000000163,
                            "count": 1,
                            "self": 2.1924197000000163
                        }
                    }
                }
            }
        }
    }
}