{
    "name": "root",
    "metadata": {
        "timer_format_version": "0.1.0",
        "start_time_seconds": "1607418231",
        "python_version": "3.8.3 (default, Jul  2 2020, 17:30:36) [MSC v.1916 64 bit (AMD64)]",
        "command_line_arguments": "C:\\ProgramData\\Anaconda3\\Scripts\\mlagents-learn config/trainer_config_trial.yaml --resume",
        "mlagents_version": "0.22.0",
        "mlagents_envs_version": "0.23.0.dev0",
        "communication_protocol_version": "1.2.0",
        "pytorch_version": "1.7.0+cu110",
        "numpy_version": "1.18.5",
        "end_time_seconds": "1607418295"
    },
    "total": 63.893163799999996,
    "count": 1,
    "self": 0.7701100999999966,
    "children": {
        "run_training.setup": {
            "total": 0.020628999999999564,
            "count": 1,
            "self": 0.020628999999999564
        },
        "TrainerController.start_learning": {
            "total": 63.1024247,
            "count": 1,
            "self": 0.07670849999978202,
            "children": {
                "TrainerController._reset_env": {
                    "total": 8.7590617,
                    "count": 1,
                    "self": 8.7590617
                },
                "TrainerController.advance": {
                    "total": 54.07990170000023,
                    "count": 1878,
                    "self": 0.037094100000196306,
                    "children": {
                        "env_step": {
                            "total": 54.04280760000003,
                            "count": 1878,
                            "self": 45.2169712000001,
                            "children": {
                                "SubprocessEnvManager._take_step": {
                                    "total": 8.785461900000028,
                                    "count": 1878,
                                    "self": 0.24391210000001173,
                                    "children": {
                                        "TorchPolicy.evaluate": {
                                            "total": 8.541549800000016,
                                            "count": 1877,
                                            "self": 1.9219845999998117,
                                            "children": {
                                                "TorchPolicy.sample_actions": {
                                                    "total": 6.6195652000002045,
                                                    "count": 1877,
                                                    "self": 6.6195652000002045
                                                }
                                            }
                                        }
                                    }
                                },
                                "workers": {
                                    "total": 0.04037449999989917,
                                    "count": 1878,
                                    "self": 0.0,
                                    "children": {
                                        "worker_root": {
                                            "total": 56.07303140000002,
                                            "count": 1878,
                                            "is_parallel": true,
                                            "self": 14.016039899999996,
                                            "children": {
                                                "steps_from_proto": {
                                                    "total": 0.0005572000000002575,
                                                    "count": 1,
                                                    "is_parallel": true,
                                                    "self": 0.00013120000000022003,
                                                    "children": {
                                                        "_process_vector_observation": {
                                                            "total": 0.00042600000000003746,
                                                            "count": 2,
                                                            "is_parallel": true,
                                                            "self": 0.00042600000000003746
                                                        }
                                                    }
                                                },
                                                "UnityEnvironment.step": {
                                                    "total": 42.05643430000002,
                                                    "count": 1878,
                                                    "is_parallel": true,
                                                    "self": 0.2916622999997287,
                                                    "children": {
                                                        "UnityEnvironment._generate_step_input": {
                                                            "total": 1.4321036000000582,
                                                            "count": 1878,
                                                            "is_parallel": true,
                                                            "self": 1.4321036000000582
                                                        },
                                                        "communicator.exchange": {
                                                            "total": 39.27698770000027,
                                                            "count": 1878,
                                                            "is_parallel": true,
                                                            "self": 39.27698770000027
                                                        },
                                                        "steps_from_proto": {
                                                            "total": 1.055680699999968,
                                                            "count": 1878,
                                                            "is_parallel": true,
                                                            "self": 0.2424487999999947,
                                                            "children": {
                                                                "_process_vector_observation": {
                                                                    "total": 0.8132318999999733,
                                                                    "count": 3756,
                                                                    "is_parallel": true,
                                                                    "self": 0.8132318999999733
                                                                }
                                                            }
                                                        }
                                                    }
                                                }
                                            }
                                        }
                                    }
                                }
                            }
                        }
                    }
                },
                "TrainerController._save_models": {
                    "total": 0.1867527999999936,
                    "count": 1,
                    "self": 0.016908199999988938,
                    "children": {
                        "RLTrainer._checkpoint": {
                            "total": 0.16984460000000468,
                            "count": 1,
                            "self": 0.16984460000000468
                        }
                    }
                }
            }
        }
    }
}