{
    "name": "root",
    "metadata": {
        "timer_format_version": "0.1.0",
        "start_time_seconds": "1606902964",
        "python_version": "3.8.6 (tags/v3.8.6:db45529, Sep 23 2020, 15:52:53) [MSC v.1927 64 bit (AMD64)]",
        "command_line_arguments": "C:\\Users\\revok\\AppData\\Local\\Programs\\Python\\Python38\\Scripts\\mlagents-learn config/trainer_config.yaml --run-id=try5 --train",
        "mlagents_version": "0.21.0",
        "mlagents_envs_version": "0.21.0",
        "communication_protocol_version": "1.2.0",
        "tensorflow_version": "2.3.1",
        "numpy_version": "1.18.5",
        "end_time_seconds": "1606903000"
    },
    "total": 35.420055,
    "count": 1,
    "self": 0.4645858999999959,
    "children": {
        "run_training.setup": {
            "total": 0.009169400000000216,
            "count": 1,
            "self": 0.009169400000000216
        },
        "TrainerController.start_learning": {
            "total": 34.946299700000004,
            "count": 1,
            "self": 0.0004984999999990691,
            "children": {
                "TrainerController._reset_env": {
                    "total": 18.7131733,
                    "count": 1,
                    "self": 18.7131733
                },
                "TrainerController.advance": {
                    "total": 0.2979167000000018,
                    "count": 5,
                    "self": 6.789999999767815e-05,
                    "children": {
                        "env_step": {
                            "total": 0.29784880000000413,
                            "count": 5,
                            "self": 0.12283509999999964,
                            "children": {
                                "SubprocessEnvManager._take_step": {
                                    "total": 0.17494420000000233,
                                    "count": 5,
                                    "self": 0.00016899999999964166,
                                    "children": {
                                        "TFPolicy.evaluate": {
                                            "total": 0.17477520000000268,
                                            "count": 5,
                                            "self": 0.17477520000000268
                                        }
                                    }
                                },
                                "workers": {
                                    "total": 6.950000000216505e-05,
                                    "count": 5,
                                    "self": 0.0,
                                    "children": {
                                        "worker_root": {
                                            "total": 11.374191899999996,
                                            "count": 5,
                                            "is_parallel": true,
                                            "self": 11.257514099999998,
                                            "children": {
                                                "steps_from_proto": {
                                                    "total": 0.00035909999999983455,
                                                    "count": 1,
                                                    "is_parallel": true,
                                                    "self": 7.819999999991722e-05,
                                                    "children": {
                                                        "_process_vector_observation": {
                                                            "total": 0.0002808999999999173,
                                                            "count": 2,
                                                            "is_parallel": true,
                                                            "self": 0.0002808999999999173
                                                        }
                                                    }
                                                },
                                                "UnityEnvironment.step": {
                                                    "total": 0.11631869999999722,
                                                    "count": 5,
                                                    "is_parallel": true,
                                                    "self": 0.000651599999997643,
                                                    "children": {
                                                        "UnityEnvironment._generate_step_input": {
                                                            "total": 0.00262999999999991,
                                                            "count": 5,
                                                            "is_parallel": true,
                                                            "self": 0.00262999999999991
                                                        },
                                                        "communicator.exchange": {
                                                            "total": 0.10986439999999931,
                                                            "count": 5,
                                                            "is_parallel": true,
                                                            "self": 0.10986439999999931
                                                        },
                                                        "steps_from_proto": {
                                                            "total": 0.0031727000000003613,
                                                            "count": 5,
                                                            "is_parallel": true,
                                                            "self": 0.0007840000000030045,
                                                            "children": {
                                                                "_process_vector_observation": {
                                                                    "total": 0.002388699999997357,
                                                                    "count": 10,
                                                                    "is_parallel": true,
                                                                    "self": 0.002388699999997357
                                                                }
                                                            }
                                                        }
                                                    }
                                                }
                                            }
                                        }
                                    }
                                }
                            }
                        }
                    }
                },
                "TrainerController._save_models": {
                    "total": 15.934711199999999,
                    "count": 1,
                    "self": 0.011191499999995358,
                    "children": {
                        "RLTrainer._checkpoint": {
                            "total": 15.923519700000003,
                            "count": 1,
                            "self": 15.923519700000003
                        }
                    }
                }
            }
        }
    }
}