{
    "name": "root",
    "metadata": {
        "timer_format_version": "0.1.0",
        "start_time_seconds": "1607271959",
        "python_version": "3.8.3 (default, Jul  2 2020, 17:30:36) [MSC v.1916 64 bit (AMD64)]",
        "command_line_arguments": "C:\\ProgramData\\Anaconda3\\Scripts\\mlagents-learn config/trainer_config_trial.yaml --run-id trial/trial-2 --initialize-from=trial/trial-0",
        "mlagents_version": "0.22.0",
        "mlagents_envs_version": "0.23.0.dev0",
        "communication_protocol_version": "1.2.0",
        "pytorch_version": "1.7.0+cu110",
        "numpy_version": "1.18.5",
        "end_time_seconds": "1607272017"
    },
    "total": 58.0497701,
    "count": 1,
    "self": 0.5062216999999976,
    "children": {
        "run_training.setup": {
            "total": 0.016367499999999424,
            "count": 1,
            "self": 0.016367499999999424
        },
        "TrainerController.start_learning": {
            "total": 57.527180900000005,
            "count": 1,
            "self": 0.02400899999992845,
            "children": {
                "TrainerController._reset_env": {
                    "total": 12.173797,
                    "count": 1,
                    "self": 12.173797
                },
                "TrainerController.advance": {
                    "total": 45.216047000000074,
                    "count": 846,
                    "self": 0.01187320000006764,
                    "children": {
                        "env_step": {
                            "total": 45.20417380000001,
                            "count": 846,
                            "self": 41.92940769999991,
                            "children": {
                                "SubprocessEnvManager._take_step": {
                                    "total": 3.2619876999999633,
                                    "count": 846,
                                    "self": 0.09979749999993714,
                                    "children": {
                                        "TorchPolicy.evaluate": {
                                            "total": 3.162190200000026,
                                            "count": 846,
                                            "self": 0.6468639999999333,
                                            "children": {
                                                "TorchPolicy.sample_actions": {
                                                    "total": 2.515326200000093,
                                                    "count": 846,
                                                    "self": 2.515326200000093
                                                }
                                            }
                                        }
                                    }
                                },
                                "workers": {
                                    "total": 0.012778400000129864,
                                    "count": 846,
                                    "self": 0.0,
                                    "children": {
                                        "worker_root": {
                                            "total": 47.01821959999992,
                                            "count": 846,
                                            "is_parallel": true,
                                            "self": 6.638563199999886,
                                            "children": {
                                                "steps_from_proto": {
                                                    "total": 0.0015230999999999995,
                                                    "count": 1,
                                                    "is_parallel": true,
                                                    "self": 0.00018999999999991246,
                                                    "children": {
                                                        "_process_vector_observation": {
                                                            "total": 0.001333100000000087,
                                                            "count": 2,
                                                            "is_parallel": true,
                                                            "self": 0.001333100000000087
                                                        }
                                                    }
                                                },
                                                "UnityEnvironment.step": {
                                                    "total": 40.37813330000003,
                                                    "count": 846,
                                                    "is_parallel": true,
                                                    "self": 0.1498011999999207,
                                                    "children": {
                                                        "UnityEnvironment._generate_step_input": {
                                                            "total": 1.5195253000000584,
                                                            "count": 846,
                                                            "is_parallel": true,
                                                            "self": 1.5195253000000584
                                                        },
                                                        "communicator.exchange": {
                                                            "total": 37.81820949999997,
                                                            "count": 846,
                                                            "is_parallel": true,
                                                            "self": 37.81820949999997
                                                        },
                                                        "steps_from_proto": {
                                                            "total": 0.8905973000000742,
                                                            "count": 846,
                                                            "is_parallel": true,
                                                            "self": 0.10716110000003454,
                                                            "children": {
                                                                "_process_vector_observation": {
                                                                    "total": 0.7834362000000397,
                                                                    "count": 1692,
                                                                    "is_parallel": true,
                                                                    "self": 0.7834362000000397
                                                                }
                                                            }
                                                        }
                                                    }
                                                }
                                            }
                                        }
                                    }
                                }
                            }
                        }
                    }
                },
                "TrainerController._save_models": {
                    "total": 0.11332790000000159,
                    "count": 1,
                    "self": 0.009477499999995587,
                    "children": {
                        "RLTrainer._checkpoint": {
                            "total": 0.103850400000006,
                            "count": 1,
                            "self": 0.103850400000006
                        }
                    }
                }
            }
        }
    }
}