{
    "name": "root",
    "metadata": {
        "timer_format_version": "0.1.0",
        "start_time_seconds": "1607266368",
        "python_version": "3.8.6 (tags/v3.8.6:db45529, Sep 23 2020, 15:52:53) [MSC v.1927 64 bit (AMD64)]",
        "command_line_arguments": "C:\\Users\\revok\\AppData\\Local\\Programs\\Python\\Python38\\Scripts\\mlagents-learn config/trainer_config_trial.yaml --run-id=trial",
        "mlagents_version": "0.21.0",
        "mlagents_envs_version": "0.21.0",
        "communication_protocol_version": "1.2.0",
        "tensorflow_version": "2.3.1",
        "numpy_version": "1.18.5",
        "end_time_seconds": "1607267491"
    },
    "total": 1122.9194699,
    "count": 1,
    "self": 0.4794650000001184,
    "children": {
        "run_training.setup": {
            "total": 0.00979180000000035,
            "count": 1,
            "self": 0.00979180000000035
        },
        "TrainerController.start_learning": {
            "total": 1122.4302131,
            "count": 1,
            "self": 1.8736007000252357,
            "children": {
                "TrainerController._reset_env": {
                    "total": 7.3256802,
                    "count": 1,
                    "self": 7.3256802
                },
                "TrainerController.advance": {
                    "total": 1110.8097161999747,
                    "count": 64326,
                    "self": 0.8254884999887508,
                    "children": {
                        "env_step": {
                            "total": 1109.984227699986,
                            "count": 64326,
                            "self": 1039.0997336999692,
                            "children": {
                                "SubprocessEnvManager._take_step": {
                                    "total": 70.00210940000795,
                                    "count": 64326,
                                    "self": 1.9235295000054577,
                                    "children": {
                                        "TFPolicy.evaluate": {
                                            "total": 68.0785799000025,
                                            "count": 64262,
                                            "self": 68.0785799000025
                                        }
                                    }
                                },
                                "workers": {
                                    "total": 0.8823846000088054,
                                    "count": 64326,
                                    "self": 0.0,
                                    "children": {
                                        "worker_root": {
                                            "total": 1112.305458699987,
                                            "count": 64326,
                                            "is_parallel": true,
                                            "self": 207.54755479998255,
                                            "children": {
                                                "steps_from_proto": {
                                                    "total": 0.0004005999999998622,
                                                    "count": 1,
                                                    "is_parallel": true,
                                                    "self": 8.68000000000535e-05,
                                                    "children": {
                                                        "_process_vector_observation": {
                                                            "total": 0.0003137999999998087,
                                                            "count": 2,
                                                            "is_parallel": true,
                                                            "self": 0.0003137999999998087
                                                        }
                                                    }
                                                },
                                                "UnityEnvironment.step": {
                                                    "total": 904.7575033000044,
                                                    "count": 64326,
                                                    "is_parallel": true,
                                                    "self": 5.326777100000413,
                                                    "children": {
                                                        "UnityEnvironment._generate_step_input": {
                                                            "total": 29.03245360001008,
                                                            "count": 64326,
                                                            "is_parallel": true,
                                                            "self": 29.03245360001008
                                                        },
                                                        "communicator.exchange": {
                                                            "total": 847.8254801999861,
                                                            "count": 64326,
                                                            "is_parallel": true,
                                                            "self": 847.8254801999861
                                                        },
                                                        "steps_from_proto": {
                                                            "total": 22.572792400007742,
                                                            "count": 64326,
                                                            "is_parallel": true,
                                                            "self": 5.218175899998609,
                                                            "children": {
                                                                "_process_vector_observation": {
                                                                    "total": 17.354616500009133,
                                                                    "count": 128652,
                                                                    "is_parallel": true,
                                                                    "self": 17.354616500009133
                                                                }
                                                            }
                                                        }
                                                    }
                                                }
                                            }
                                        }
                                    }
                                }
                            }
                        }
                    }
                },
                "TrainerController._save_models": {
                    "total": 2.4212159999999585,
                    "count": 1,
                    "self": 0.017911200000071403,
                    "children": {
                        "RLTrainer._checkpoint": {
                            "total": 2.403304799999887,
                            "count": 1,
                            "self": 2.403304799999887
                        }
                    }
                }
            }
        }
    }
}