{
    "name": "root",
    "gauges": {
        "Walker.Policy.Entropy.mean": {
            "value": 1.3711369037628174,
            "min": 1.3711369037628174,
            "max": 1.3772104978561401,
            "count": 14
        },
        "Walker.Environment.EpisodeLength.mean": {
            "value": 999.0,
            "min": 999.0,
            "max": 1000.0,
            "count": 8
        },
        "Walker.Policy.ExtrinsicValueEstimate.mean": {
            "value": -19.25005340576172,
            "min": -19.25005340576172,
            "max": -17.081802368164062,
            "count": 14
        },
        "Walker.IsTraining.mean": {
            "value": 1.0,
            "min": 1.0,
            "max": 1.0,
            "count": 14
        },
        "Walker.Environment.CumulativeReward.mean": {
            "value": -423.6716552734375,
            "min": -433.7336669921875,
            "max": -276.2970794677734,
            "count": 13
        },
        "Walker.Policy.ExtrinsicReward.mean": {
            "value": -423.6716552734375,
            "min": -433.7336669921875,
            "max": -276.2970794677734,
            "count": 13
        },
        "Walker.Losses.ValueLoss.mean": {
            "value": 37.321998596191406,
            "min": 30.670394897460938,
            "max": 42.1932487487793,
            "count": 3
        },
        "Walker.Losses.PolicyLoss.mean": {
            "value": 0.02448105812072754,
            "min": 0.02448105812072754,
            "max": 0.02720719575881958,
            "count": 3
        },
        "Walker.Policy.LearningRate.mean": {
            "value": 0.00028379730065353215,
            "min": 0.00028379730065353215,
            "max": 0.00029459732468239963,
            "count": 3
        },
        "Walker.Policy.Epsilon.mean": {
            "value": 0.19459910690784454,
            "min": 0.19459910690784454,
            "max": 0.198199063539505,
            "count": 3
        },
        "Walker.Policy.Beta.mean": {
            "value": 0.004730494227260351,
            "min": 0.004730494227260351,
            "max": 0.004910134710371494,
            "count": 3
        }
    },
    "metadata": {
        "timer_format_version": "0.1.0",
        "start_time_seconds": "1607266064",
        "python_version": "3.8.6 (tags/v3.8.6:db45529, Sep 23 2020, 15:52:53) [MSC v.1927 64 bit (AMD64)]",
        "command_line_arguments": "C:\\Users\\revok\\AppData\\Local\\Programs\\Python\\Python38\\Scripts\\mlagents-learn config/trainer_config.yaml --run-id=TruewalkerSuite --initialize-from=TrueWalker",
        "mlagents_version": "0.21.0",
        "mlagents_envs_version": "0.21.0",
        "communication_protocol_version": "1.2.0",
        "tensorflow_version": "2.3.1",
        "numpy_version": "1.18.5",
        "end_time_seconds": "1607266218"
    },
    "total": 153.8595663,
    "count": 1,
    "self": 0.021841600000016115,
    "children": {
        "run_training.setup": {
            "total": 0.009367500000000195,
            "count": 1,
            "self": 0.009367500000000195
        },
        "TrainerController.start_learning": {
            "total": 153.8283572,
            "count": 1,
            "self": 0.2268194000001813,
            "children": {
                "TrainerController._reset_env": {
                    "total": 9.5839859,
                    "count": 1,
                    "self": 9.5839859
                },
                "TrainerController.advance": {
                    "total": 142.6869664999998,
                    "count": 8849,
                    "self": 0.09792799999985391,
                    "children": {
                        "env_step": {
                            "total": 142.58903849999996,
                            "count": 8849,
                            "self": 133.19187640000135,
                            "children": {
                                "SubprocessEnvManager._take_step": {
                                    "total": 9.281003199998853,
                                    "count": 8849,
                                    "self": 0.24999249999846995,
                                    "children": {
                                        "TFPolicy.evaluate": {
                                            "total": 9.031010700000383,
                                            "count": 8841,
                                            "self": 9.031010700000383
                                        }
                                    }
                                },
                                "workers": {
                                    "total": 0.11615889999976758,
                                    "count": 8848,
                                    "self": 0.0,
                                    "children": {
                                        "worker_root": {
                                            "total": 144.36286349999912,
                                            "count": 8848,
                                            "is_parallel": true,
                                            "self": 28.808840199997576,
                                            "children": {
                                                "steps_from_proto": {
                                                    "total": 0.00036819999999959663,
                                                    "count": 1,
                                                    "is_parallel": true,
                                                    "self": 8.259999999893353e-05,
                                                    "children": {
                                                        "_process_vector_observation": {
                                                            "total": 0.0002856000000006631,
                                                            "count": 2,
                                                            "is_parallel": true,
                                                            "self": 0.0002856000000006631
                                                        }
                                                    }
                                                },
                                                "UnityEnvironment.step": {
                                                    "total": 115.55365510000155,
                                                    "count": 8848,
                                                    "is_parallel": true,
                                                    "self": 0.6544002000000404,
                                                    "children": {
                                                        "UnityEnvironment._generate_step_input": {
                                                            "total": 3.5703966000009313,
                                                            "count": 8848,
                                                            "is_parallel": true,
                                                            "self": 3.5703966000009313
                                                        },
                                                        "communicator.exchange": {
                                                            "total": 108.51800620000016,
                                                            "count": 8848,
                                                            "is_parallel": true,
                                                            "self": 108.51800620000016
                                                        },
                                                        "steps_from_proto": {
                                                            "total": 2.810852100000421,
                                                            "count": 8848,
                                                            "is_parallel": true,